SuiRate,Unemp,Vet,Arrest,Mental,Disable,uxa,uxm,uxd,uxv,vxa,vxm,vxd,axm,axd,mxd,UnempOG,Unemp2,Unemp3,Unemp4,Unemp5,Unemp6,Unemp7,Unemp8,Unemp9,Unemp10,Unemp11,Unemp12,Unemp13,Unemp15
13.6,0.333333333,11.2,2562,4.06,16.2,854,1.353333333,5.4,3.733333333,28694.4,45.472,181.44,10401.72,41504.4,65.772,9,0.954242509,81,3,0.111111111,2.197224577,729,2.080083823,0.012345679,-3.169925001,0.315464877,0.099518088,0.5616626,-0.477121255
15,0.353553391,11,2329.59,4.8,16.4,823.6344432,1.697056275,5.798275606,3.889087297,25625.49,52.8,180.4,11182.032,38205.276,78.72,8,0.903089987,64,2.828427125,0.125,2.079441542,512,2,0.015625,-3,0.333333333,0.111111111,0.577350269,-0.451544993
15.4,0.404888165,9.8,3834,4.64,16.7,1552.341225,1.878681086,6.761632357,3.967904018,37573.2,45.472,163.66,17789.76,64027.8,77.488,6.1,0.785329835,37.21,2.469817807,0.163934426,1.808288771,226.981,1.827160137,0.026874496,-2.608809243,0.383316643,0.146931648,0.619125708,-0.392664918
16.2,0.415227399,9.4,4064.64,4.23,16.5,1687.749896,1.756411899,6.851252088,3.903137553,38207.616,39.762,155.1,17193.4272,67066.56,69.795,5.8,0.763427994,33.64,2.408318916,0.172413793,1.757857918,195.112,1.796701779,0.029726516,-2.5360529,0.394313541,0.155483169,0.6279439,-0.381713997
17.1,0.476731295,9.1,4101,5.75,16.5,1955.075039,2.741204944,7.866066361,4.338254781,37319.1,52.325,150.15,23580.75,67666.5,94.875,4.4,0.643452676,19.36,2.097617696,0.227272727,1.481604541,85.184,1.638642541,0.051652893,-2.137503524,0.467835486,0.218870042,0.683985004,-0.321726338
23,0.375293313,14.2,6385.81,5.02,11,2396.551788,1.883972429,4.128226438,5.329165038,90678.502,71.284,156.2,32056.7662,70243.91,55.22,7.1,0.851258349,50.41,2.664582519,0.14084507,1.960094784,357.911,1.921997343,0.019837334,-2.827819025,0.353629419,0.125053766,0.594667486,-0.425629174
23.1,0.377964473,13.8,6242,4.32,11.1,2359.254241,1.632806523,4.19540565,5.215909728,86139.6,59.616,153.18,26965.44,69286.2,47.952,7,0.84509804,49,2.645751311,0.142857143,1.945910149,343,1.912931183,0.020408163,-2.807354922,0.356207187,0.12688356,0.596830954,-0.42254902
22.7,0.380693494,13.4,5528,3.9,11.2,2104.473634,1.484704626,4.263767131,5.101292817,74075.2,52.26,150.08,21559.2,61913.6,43.68,6.9,0.838849091,47.61,2.626785107,0.144927536,1.931521412,328.509,1.903778262,0.021003991,-2.786596362,0.358860728,0.128781022,0.599049855,-0.419424545
27.2,0.39223227,13.1,4273,4.02,11.6,1676.008491,1.576773727,4.549894335,5.138242741,55976.3,52.662,151.96,17177.46,49566.8,46.632,6.5,0.812913357,42.25,2.549509757,0.153846154,1.871802177,274.625,1.866255578,0.023668639,-2.700439718,0.370310062,0.137129542,0.608531069,-0.406456678
27,0.377964473,12.5,3960,5.4,12.6,1496.739313,2.041008154,4.76235236,4.724555913,49500,67.5,157.5,21384,49896,68.04,7,0.84509804,49,2.645751311,0.142857143,1.945910149,343,1.912931183,0.020408163,-2.807354922,0.356207187,0.12688356,0.596830954,-0.42254902
17.9,0.324442842,11.4,4659,4.6,11.5,1511.579202,1.492437074,3.731092686,3.698648402,53112.6,52.44,131.1,21431.4,53578.5,52.9,9.5,0.977723605,90.25,3.082207001,0.105263158,2.251291799,857.375,2.117911792,0.011080332,-3.247927513,0.307888645,0.094795417,0.554877144,-0.488861803
17.5,0.360374985,10.8,4323,4.24,12.3,1557.90106,1.527989937,4.432612316,3.892049839,46688.4,45.792,132.84,18329.52,53172.9,52.152,7.7,0.886490725,59.29,2.774887385,0.12987013,2.041220329,456.533,1.974680822,0.016866251,-2.944858446,0.339574896,0.11531111,0.582730552,-0.443245363
18.4,0.383482494,10.4,4148,4.09,12.8,1590.685387,1.568443402,4.908575929,3.988217942,43139.2,42.536,133.12,16965.32,53094.4,52.352,6.8,0.832508913,46.24,2.607680962,0.147058824,1.916922612,314.432,1.894536474,0.021626298,-2.765534746,0.361593721,0.130750019,0.601326634,-0.416254456
18.7,0.404888165,10.1,4431,4.33,12.9,1794.05946,1.753165755,5.22305733,4.089370467,44753.1,43.733,130.29,19186.23,57159.9,55.857,6.1,0.785329835,37.21,2.469817807,0.163934426,1.808288771,226.981,1.827160137,0.026874496,-2.608809243,0.383316643,0.146931648,0.619125708,-0.392664918
18.3,0.430331483,9.8,4125.88,4.04,13.1,1775.496059,1.738539191,5.637342426,4.217248533,40433.624,39.592,128.38,16668.5552,54049.028,52.924,5.4,0.73239376,29.16,2.323790008,0.185185185,1.686398954,157.464,1.754410643,0.034293553,-2.432959407,0.411022065,0.168939138,0.641110026,-0.36619688
17.4,0.372677996,10.7,5026,5.27,17.1,1873.079609,1.96401304,6.372793736,3.98765456,53778.2,56.389,182.97,26487.02,85944.6,90.117,7.2,0.857332496,51.84,2.683281573,0.138888889,1.974081026,373.248,1.930978769,0.019290123,-2.847996907,0.351123977,0.123288047,0.592557151,-0.428666248
17.3,0.40824829,10.3,4554,5.24,16.9,1859.162715,2.139221042,6.899396109,4.204957392,46906.2,53.972,174.07,23862.96,76962.6,88.556,6,0.77815125,36,2.449489743,0.166666667,1.791759469,216,1.817120593,0.027777778,-2.584962501,0.386852807,0.149655094,0.621974925,-0.389075625
19.4,0.447213595,9.8,4730,5.27,17.1,2115.320307,2.356815648,7.647352483,4.382693236,46354,51.646,167.58,24927.1,80883,90.117,5,0.698970004,25,2.236067977,0.2,1.609437912,125,1.709975947,0.04,-2.321928095,0.430676558,0.185482298,0.65625952,-0.349485002
18.5,0.506369684,9.5,4743.6,5.45,17,2402.015231,2.759714775,8.60828462,4.810511994,45064.2,51.775,161.5,25852.62,80641.2,92.65,3.9,0.591064607,15.21,1.974841766,0.256410256,1.360976553,59.319,1.574060917,0.06574622,-1.963474124,0.509301339,0.259387854,0.713653515,-0.295532304
10.6,0.292352673,7.3,3157,3.61,10.1,922.957389,1.05539315,2.952761998,2.134174514,23046.1,26.353,73.73,11396.77,31885.7,36.461,11.7,1.068185862,136.89,3.420526275,0.085470085,2.459588842,1601.613,2.270188681,0.007305136,-3.548436625,0.281814248,0.079419271,0.530861798,-0.534092931
10.2,0.310086836,7,3282.43,3.94,10.2,1017.838335,1.221742136,3.162885732,2.170607855,22977.01,27.58,71.4,12932.7742,33480.786,40.188,10.4,1.017033339,108.16,3.224903099,0.096153846,2.341805806,1124.864,2.182785766,0.009245562,-3.378511623,0.295988326,0.087609089,0.544048092,-0.50851667
10.8,0.365148372,6.4,3144,3.77,10.6,1148.026481,1.376609361,3.87057274,2.336949579,20121.6,24.128,67.84,11852.88,33326.4,39.962,7.5,0.875061263,56.25,2.738612788,0.133333333,2.014903021,421.875,1.957433821,0.017777778,-2.906890596,0.344010195,0.118343014,0.586523823,-0.437530632
10.6,0.401609664,6.1,2977,3.53,10.6,1195.591971,1.417682116,4.257062443,2.449818953,18159.7,21.533,64.66,10508.81,31556.2,37.418,6.2,0.792391689,38.44,2.48997992,0.161290323,1.824549292,238.328,1.83709055,0.026014568,-2.632268215,0.379900496,0.144324387,0.616360686,-0.396195845
10.9,0.426401433,5.9,2867.61,3.61,10.9,1222.753012,1.539309172,4.647775617,2.515768453,16918.899,21.299,64.31,10352.0721,31256.949,39.349,5.5,0.740362689,30.25,2.34520788,0.181818182,1.704748092,166.375,1.765174168,0.033057851,-2.459431619,0.406598009,0.165321941,0.637650382,-0.370181345
10.9,0.456435465,5.6,2776,4.14,10.6,1267.06485,1.889642823,4.838215925,2.556038602,15545.6,23.184,59.36,11492.64,29425.6,43.884,4.8,0.681241237,23.04,2.19089023,0.208333333,1.568615918,110.592,1.686865331,0.043402778,-2.263034406,0.441884576,0.195261979,0.664743993,-0.340620619
17.8,0.347105067,10.9,4486,4.15,10.3,1557.113332,1.440486029,3.575182193,3.783445233,48897.4,45.235,112.27,18616.9,46205.8,42.745,8.3,0.919078092,68.89,2.880972058,0.120481928,2.116255515,571.787,2.024693852,0.014515895,-3.053111336,0.327534731,0.107279,0.572306501,-0.459539046
20.2,0.355784033,10.7,4547.34,5.08,10.1,1617.870967,1.80738289,3.593418738,3.806889158,48656.538,54.356,108.07,23100.4872,45928.134,51.308,7.9,0.897627091,62.41,2.810693865,0.126582278,2.066862759,493.039,1.991631701,0.016023073,-2.981852653,0.335361977,0.112467655,0.579104461,-0.448813546
19.1,0.380693494,10.4,4521,3.91,10.8,1721.115286,1.488511561,4.111489733,3.959212336,47018.4,40.664,112.32,17677.11,48826.8,42.228,6.9,0.838849091,47.61,2.626785107,0.144927536,1.931521412,328.509,1.903778262,0.021003991,-2.786596362,0.358860728,0.128781022,0.599049855,-0.419424545
20.2,0.447213595,10,4619,3.73,10.7,2065.679598,1.668106711,4.785185472,4.472135955,46190,37.3,107,17228.87,49423.3,39.911,5,0.698970004,25,2.236067977,0.2,1.609437912,125,1.709975947,0.04,-2.321928095,0.430676558,0.185482298,0.65625952,-0.349485002
21,0.608580619,9.1,4611,5.64,10.9,2806.165236,3.432394694,6.633528752,5.538083637,41960.1,51.324,99.19,26006.04,50259.9,61.476,2.7,0.431363764,7.29,1.643167673,0.37037037,0.993251773,19.683,1.39247665,0.137174211,-1.432959407,0.697856474,0.487003659,0.835378043,-0.215681882
10.3,0.337099931,8.6,3399,3.24,10.7,1145.802666,1.092203777,3.606969264,2.899059409,29231.4,27.864,92.02,11012.76,36369.3,34.668,8.8,0.944482672,77.44,2.966479395,0.113636364,2.174751721,681.472,2.064560231,0.012913223,-3.137503524,0.318724742,0.101585461,0.56455712,-0.472241336
10.2,0.347105067,8.3,3252.05,4.16,10.7,1128.803034,1.44395708,3.71402422,2.880972058,26992.015,34.528,88.81,13528.528,34796.935,44.512,8.3,0.919078092,68.89,2.880972058,0.120481928,2.116255515,571.787,2.024693852,0.014515895,-3.053111336,0.327534731,0.107279,0.572306501,-0.459539046
9.2,0.358057437,7.9,2806,3.38,10.7,1004.709168,1.210234137,3.831214576,2.828653752,22167.4,26.702,84.53,9484.28,30024.2,36.166,7.8,0.892094603,60.84,2.792848009,0.128205128,2.054123734,474.552,1.983192483,0.016436555,-2.963474124,0.337441786,0.113866959,0.580897397,-0.446047301
10.7,0.418853908,7.1,2585,3.46,11,1082.737353,1.449234523,4.607392991,2.973862749,18353.5,24.566,78.1,8944.1,28435,38.06,5.7,0.755874856,32.49,2.387467277,0.175438596,1.740466175,185.193,1.786315988,0.030778701,-2.510961919,0.39825375,0.158606049,0.63107349,-0.377937428
11.1,0.442807443,6.7,2843.45,3.59,11.2,1259.100823,1.58967872,4.959443359,2.966809867,19051.115,24.053,75.04,10207.9855,31846.64,40.208,5.1,0.707570176,26.01,2.258317958,0.196078431,1.62924054,132.651,1.721300621,0.038446751,-2.350497247,0.425441894,0.181000805,0.652259069,-0.353785088
11.6,0.370116605,11.4,4170,3.74,12.1,1543.386243,1.384236103,4.478410922,4.219329298,47538,42.636,137.94,15595.8,50457,45.254,7.3,0.86332286,53.29,2.701851217,0.136986301,1.987874348,389.017,1.939877415,0.018765247,-2.867896464,0.348687623,0.121583058,0.590497775,-0.43166143
13.2,0.386333705,10.7,4042,4.12,12.6,1561.560834,1.591694863,4.867804679,4.13377064,43249.4,44.084,134.82,16653.04,50929.2,51.912,6.7,0.826074803,44.89,2.588435821,0.149253731,1.902107526,300.763,1.885203631,0.022276676,-2.744161096,0.364410093,0.132794716,0.603663891,-0.413037401
12.9,0.451753951,9.9,3667,3.75,12.2,1656.58174,1.694077318,5.511398208,4.472364119,36303.3,37.125,120.78,13751.25,44737.4,45.75,4.9,0.69019608,24.01,2.213594362,0.204081633,1.589235205,117.649,1.698499252,0.041649313,-2.292781749,0.436151413,0.190228055,0.660417605,-0.34509804
12.5,0.471404521,9.5,3528.97,4.23,12.3,1663.572412,1.994041123,5.798275606,4.478342948,33525.215,40.185,116.85,14927.5431,43406.331,52.029,4.5,0.653212514,20.25,2.121320344,0.222222222,1.504077397,91.125,1.650963624,0.049382716,-2.169925001,0.460845421,0.212378502,0.678855965,-0.326606257
11.6,0.471404521,9.1,3280,5.65,11.4,1546.206828,2.663435542,5.374011537,4.289781139,29848,51.415,103.74,18532,37392,64.41,4.5,0.653212514,20.25,2.121320344,0.222222222,1.504077397,91.125,1.650963624,0.049382716,-2.169925001,0.460845421,0.212378502,0.678855965,-0.326606257
5.9,0.333333333,6.2,1077,4.43,11.4,359,1.476666667,3.8,2.066666667,6677.4,27.466,70.68,4771.11,12277.8,50.502,9,0.954242509,81,3,0.111111111,2.197224577,729,2.080083823,0.012345679,-3.169925001,0.315464877,0.099518088,0.5616626,-0.477121255
5.9,0.34299717,6,946,3.86,10.8,324.4753231,1.323969077,3.704369439,2.057983022,5676,23.16,64.8,3651.56,10216.8,41.688,8.5,0.929418926,72.25,2.915475947,0.117647059,2.140066163,614.125,2.040827551,0.01384083,-3.087462841,0.323890538,0.10490508,0.569113818,-0.464709463
5.1,0.380693494,5.4,1069,3.63,11.5,406.9613449,1.381917383,4.377975179,2.055744867,5772.6,19.602,62.1,3880.47,12293.5,41.745,6.9,0.838849091,47.61,2.626785107,0.144927536,1.931521412,328.509,1.903778262,0.021003991,-2.786596362,0.358860728,0.128781022,0.599049855,-0.419424545
5.9,0.404888165,5.1,1495.98,3.92,11.3,605.7045972,1.587161607,4.575236266,2.064929642,7629.498,19.992,57.63,5864.2416,16904.574,44.296,6.1,0.785329835,37.21,2.469817807,0.163934426,1.808288771,226.981,1.827160137,0.026874496,-2.608809243,0.383316643,0.146931648,0.619125708,-0.392664918
6.8,0.404888165,5,2585,4.82,13.4,1046.635907,1.951560956,5.425501412,2.024440825,12925,24.1,67,12459.7,34639,64.588,6.1,0.785329835,37.21,2.469817807,0.163934426,1.808288771,226.981,1.827160137,0.026874496,-2.608809243,0.383316643,0.146931648,0.619125708,-0.392664918
15.1,0.3086067,11.2,5001,3.75,12.9,1543.342106,1.157275125,3.981026429,3.456395039,56011.2,42,144.48,18753.75,64512.9,48.375,10.5,1.021189299,110.25,3.240370349,0.095238095,2.351375257,1157.625,2.18975957,0.009070295,-3.392317423,0.294783735,0.08689745,0.5429399,-0.51059465
14.9,0.372677996,10.4,4640,3.96,13.4,1729.225903,1.475804865,4.99388515,3.875851161,48256,41.184,139.36,18374.4,62176,53.064,7.2,0.857332496,51.84,2.683281573,0.138888889,1.974081026,373.248,1.930978769,0.019290123,-2.847996907,0.351123977,0.123288047,0.592557151,-0.428666248
15.2,0.398409536,10.1,4364,3.75,13.4,1738.659217,1.494035762,5.338687788,4.023936318,44076.4,37.875,135.34,16365,58477.6,50.25,6.3,0.799340549,39.69,2.50998008,0.158730159,1.840549633,250.047,1.84691475,0.025195263,-2.655351829,0.376597929,0.141826,0.613675753,-0.399670275
15.3,0.487950036,9,3400,3.9,13.6,1659.030124,1.903005142,6.636120496,4.391550328,30600,35.1,122.4,13260,46240,53.04,4.2,0.62324929,17.64,2.049390153,0.238095238,1.435084525,74.088,1.613428646,0.056689342,-2.070389328,0.483000944,0.233289912,0.694982693,-0.311624645
11.7,0.329690237,9.8,3741.4,4.35,12,1233.503052,1.43415253,3.95628284,3.23096432,36665.72,42.63,117.6,16275.09,44896.8,52.2,9.2,0.963787827,84.64,3.033150178,0.108695652,2.219203484,778.688,2.095379106,0.011814745,-3.201633861,0.312340525,0.097556603,0.558874337,-0.481893914
12,0.349215148,9.5,3594,3.97,12.4,1255.079241,1.386384137,4.330267834,3.317543905,34143,37.715,117.8,14268.18,44565.6,49.228,8.2,0.913813852,67.24,2.863564213,0.12195122,2.104134154,551.368,2.016529675,0.0148721,-3.03562391,0.329421572,0.108518572,0.573952587,-0.456906926
12.8,0.375293313,9.3,3507,4.17,12.4,1316.153647,1.564973113,4.653637075,3.490227806,32615.1,38.781,115.32,14624.19,43486.8,51.708,7.1,0.851258349,50.41,2.664582519,0.14084507,1.960094784,357.911,1.921997343,0.019837334,-2.827819025,0.353629419,0.125053766,0.594667486,-0.425629174
12.9,0.40824829,9,2976,3.99,12.2,1214.946912,1.628910679,4.980629144,3.674234614,26784,35.91,109.8,11874.24,36307.2,48.678,6,0.77815125,36,2.449489743,0.166666667,1.791759469,216,1.817120593,0.027777778,-2.584962501,0.386852807,0.149655094,0.621974925,-0.389075625
13.6,0.430331483,8.8,2928.53,4.17,12.9,1260.238658,1.794482284,5.55127613,3.78691705,25771.064,36.696,113.52,12211.9701,37778.037,53.793,5.4,0.73239376,29.16,2.323790008,0.185185185,1.686398954,157.464,1.754410643,0.034293553,-2.432959407,0.411022065,0.168939138,0.641110026,-0.36619688
13.9,0.461265604,8.4,2811,4.33,12.2,1296.617613,1.997280065,5.627440369,3.874631074,23612.4,36.372,102.48,12171.63,34294.2,52.826,4.7,0.672097858,22.09,2.167948339,0.212765957,1.547562509,103.823,1.675068684,0.045269353,-2.232660757,0.44789608,0.200610898,0.669250386,-0.336048929
13.1,0.386333705,11.3,2829,3.15,10.6,1092.93805,1.21695117,4.095137269,4.365570862,31967.7,35.595,119.78,8911.35,29987.4,33.39,6.7,0.826074803,44.89,2.588435821,0.149253731,1.902107526,300.763,1.885203631,0.022276676,-2.744161096,0.364410093,0.132794716,0.603663891,-0.413037401
13.6,0.40824829,11,5563.11,3.49,10.9,2271.130147,1.424786534,4.449906366,4.490731195,61194.21,38.39,119.9,19415.2539,60637.899,38.041,6,0.77815125,36,2.449489743,0.166666667,1.791759469,216,1.817120593,0.027777778,-2.584962501,0.386852807,0.149655094,0.621974925,-0.389075625
14.4,0.476731295,10.7,5834,3.66,11.7,2781.250373,1.744836538,5.577756147,5.101024852,62423.8,39.162,125.19,21352.44,68257.8,42.822,4.4,0.643452676,19.36,2.097617696,0.227272727,1.481604541,85.184,1.638642541,0.051652893,-2.137503524,0.467835486,0.218870042,0.683985004,-0.321726338
14,0.527046277,10.4,3230,3.59,10.8,1702.359474,1.892096133,5.692099788,5.481281278,33592,37.336,112.32,11595.7,34884,38.772,3.6,0.556302501,12.96,1.897366596,0.277777778,1.280933845,46.656,1.532618865,0.077160494,-1.847996907,0.541126447,0.292817832,0.735612974,-0.27815125
12.2,0.58722022,10.1,2961.1,3.18,11.3,1738.817792,1.867360298,6.635588481,5.930924217,29907.11,32.118,114.13,9416.298,33460.43,35.934,2.9,0.462397998,8.41,1.702938637,0.344827586,1.064710737,24.389,1.426043147,0.118906064,-1.5360529,0.651019245,0.423826058,0.806857636,-0.231198999
15.9,0.645497224,9.9,2495,3.89,10.8,1610.515575,2.510984203,6.971370023,6.390422521,24700.5,38.511,106.92,9705.55,26946,42.012,2.4,0.380211242,5.76,1.549193338,0.416666667,0.875468737,13.824,1.3388659,0.173611111,-1.263034406,0.791744069,0.626858671,0.889800016,-0.190105621
17.7,0.339031752,11.4,4218,4.67,12.8,1430.035929,1.583278281,4.339606423,3.864961971,48085.2,53.238,145.92,19698.06,53990.4,59.776,8.7,0.939519253,75.69,2.949576241,0.114942529,2.163323026,658.503,2.056710116,0.013211785,-3.121015401,0.320408544,0.102661635,0.566046415,-0.469759626
18.6,0.372677996,11.1,4053.69,5.81,12.4,1510.721067,2.165259158,4.621207153,4.136725758,44995.959,64.491,137.64,23551.9389,50265.756,72.044,7.2,0.857332496,51.84,2.683281573,0.138888889,1.974081026,373.248,1.930978769,0.019290123,-2.847996907,0.351123977,0.123288047,0.592557151,-0.428666248
20.9,0.512989176,9.9,3545.05,4.98,13.5,1818.572279,2.554686097,6.925353877,5.078592843,35095.995,49.302,133.65,17654.349,47858.175,67.23,3.8,0.579783597,14.44,1.949358869,0.263157895,1.335001067,54.872,1.560490751,0.069252078,-1.925999419,0.519210956,0.269580017,0.720562944,-0.289891798
22.8,0.559016994,9.5,3369,5.61,14.2,1883.328254,3.136085338,7.93804132,5.310661447,32005.5,53.295,134.9,18900.09,47839.8,79.662,3.2,0.505149978,10.24,1.788854382,0.3125,1.16315081,32.768,1.473612599,0.09765625,-1.678071905,0.59592202,0.355123054,0.771959857,-0.252574989
9.5,0.319438282,8,4650,3.21,10.4,1485.388014,1.025396887,3.322158138,2.55550626,37200,25.68,83.2,14926.5,48360,33.384,9.8,0.991226076,96.04,3.130495168,0.102040816,2.282382386,941.192,2.139974961,0.010412328,-3.292781749,0.303694589,0.092230403,0.55108492,-0.495613038
10,0.333333333,7.8,4383.51,4.14,10.7,1461.17,1.38,3.566666667,2.6,34191.378,32.292,83.46,18147.7314,46903.557,44.298,9,0.954242509,81,3,0.111111111,2.197224577,729,2.080083823,0.012345679,-3.169925001,0.315464877,0.099518088,0.5616626,-0.477121255
10.2,0.333333333,7.5,4207,3.37,11.1,1402.333333,1.123333333,3.7,2.5,31552.5,25.275,83.25,14177.59,46697.7,37.407,9,0.954242509,81,3,0.111111111,2.197224577,729,2.080083823,0.012345679,-3.169925001,0.315464877,0.099518088,0.5616626,-0.477121255
10.8,0.375293313,7.1,3766,3.75,10.9,1413.354615,1.407349922,4.090697106,2.664582519,26738.6,26.625,77.39,14122.5,41049.4,40.875,7.1,0.851258349,50.41,2.664582519,0.14084507,1.960094784,357.911,1.921997343,0.019837334,-2.827819025,0.353629419,0.125053766,0.594667486,-0.425629174
10.6,0.40824829,6.8,3171,3.53,10.7,1294.555329,1.441116465,4.368256708,2.776088375,21562.8,24.004,72.76,11193.63,33929.7,37.771,6,0.77815125,36,2.449489743,0.166666667,1.791759469,216,1.817120593,0.027777778,-2.584962501,0.386852807,0.149655094,0.621974925,-0.389075625
11,0.415227399,6.5,2366.67,3.74,11,982.706229,1.552950473,4.567501392,2.698978095,15383.355,24.31,71.5,8851.3458,26033.37,41.14,5.8,0.763427994,33.64,2.408318916,0.172413793,1.757857918,195.112,1.796701779,0.029726516,-2.5360529,0.394313541,0.155483169,0.6279439,-0.381713997
11.5,0.451753951,6.2,2263,4.15,11.1,1022.319192,1.874778899,5.014468861,2.800874499,14030.6,25.73,68.82,9391.45,25119.3,46.065,4.9,0.69019608,24.01,2.213594362,0.204081633,1.589235205,117.649,1.698499252,0.041649313,-2.292781749,0.436151413,0.190228055,0.660417605,-0.34509804
13.5,0.333333333,9.9,3925,4.51,13.1,1308.333333,1.503333333,4.366666667,3.3,38857.5,44.649,129.69,17701.75,51417.5,59.081,9,0.954242509,81,3,0.111111111,2.197224577,729,2.080083823,0.012345679,-3.169925001,0.315464877,0.099518088,0.5616626,-0.477121255
14.4,0.347105067,9.6,3638.15,5.19,12.9,1262.8203,1.801475299,4.477655368,3.332208646,34926.24,49.824,123.84,18881.9985,46932.135,66.951,8.3,0.919078092,68.89,2.880972058,0.120481928,2.116255515,571.787,2.024693852,0.014515895,-3.053111336,0.327534731,0.107279,0.572306501,-0.459539046
14.4,0.360374985,9.3,3383,4.53,13.9,1219.148575,1.632498682,5.009212293,3.351487361,31461.9,42.129,129.27,15324.99,47023.7,62.967,7.7,0.886490725,59.29,2.774887385,0.12987013,2.041220329,456.533,1.974680822,0.016866251,-2.944858446,0.339574896,0.11531111,0.582730552,-0.443245363
14.4,0.40824829,8.9,2975,4.84,13.9,1214.538664,1.975921726,5.674651237,3.633409785,26477.5,43.076,123.71,14399,41352.5,67.276,6,0.77815125,36,2.449489743,0.166666667,1.791759469,216,1.817120593,0.027777778,-2.584962501,0.386852807,0.149655094,0.621974925,-0.389075625
14.5,0.456435465,8.6,3203,4.81,13.8,1461.962793,2.195454585,6.298809411,3.925344995,27545.8,41.366,118.68,15406.43,44201.4,66.378,4.8,0.681241237,23.04,2.19089023,0.208333333,1.568615918,110.592,1.686865331,0.043402778,-2.263034406,0.441884576,0.195261979,0.664743993,-0.340620619
15.6,0.476731295,8.2,3333.89,4.93,13.9,1589.369696,2.350285282,6.626564995,3.909196616,27337.898,40.426,113.98,16436.0777,46341.071,68.527,4.4,0.643452676,19.36,2.097617696,0.227272727,1.481604541,85.184,1.638642541,0.051652893,-2.137503524,0.467835486,0.218870042,0.683985004,-0.321726338
16.4,0.527046277,7.9,3449,5.26,13.9,1817.782608,2.772263415,7.325943246,4.163665586,27247.1,41.554,109.81,18141.74,47941.1,73.114,3.6,0.556302501,12.96,1.897366596,0.277777778,1.280933845,46.656,1.532618865,0.077160494,-1.847996907,0.541126447,0.292817832,0.735612974,-0.27815125
13.8,0.411693485,10.4,3910,4.12,11.4,1609.721526,1.696177157,4.693305727,4.281612242,40664,42.848,118.56,16109.2,44574,46.968,5.9,0.770852012,34.81,2.42899156,0.169491525,1.774952351,205.379,1.806968869,0.028727377,-2.560714954,0.390515937,0.152502697,0.624912744,-0.385426006
13.1,0.487950036,9.3,3574,4.59,11.5,1743.93343,2.239690667,5.611425419,4.537935339,33238.2,42.687,106.95,16404.66,41101,52.785,4.2,0.62324929,17.64,2.049390153,0.238095238,1.435084525,74.088,1.613428646,0.056689342,-2.070389328,0.483000944,0.233289912,0.694982693,-0.311624645
13.8,0.512989176,8.9,3592,4.15,11.9,1842.65712,2.128905081,6.104571195,4.565603667,31968.8,36.935,105.91,14906.8,42744.8,49.385,3.8,0.579783597,14.44,1.949358869,0.263157895,1.335001067,54.872,1.560490751,0.069252078,-1.925999419,0.519210956,0.269580017,0.720562944,-0.289891798
14.4,0.527046277,8.6,3414.02,3.93,11.8,1799.34653,2.071291867,6.219146065,4.53259798,29360.572,33.798,101.48,13417.0986,40285.436,46.374,3.6,0.556302501,12.96,1.897366596,0.277777778,1.280933845,46.656,1.532618865,0.077160494,-1.847996907,0.541126447,0.292817832,0.735612974,-0.27815125
15.2,0.567961834,8.1,3517,5.38,11.3,1997.521771,3.055634668,6.417968727,4.600490857,28487.7,43.578,91.53,18921.46,39742.1,60.794,3.1,0.491361694,9.61,1.760681686,0.322580645,1.131402111,29.791,1.458099736,0.104058273,-1.632268215,0.612644411,0.375333175,0.782716048,-0.245680847
17.4,0.418853908,10.3,3782.57,4.79,12,1584.344228,2.006310221,5.0262469,4.314195255,38960.471,49.337,123.6,18118.5103,45390.84,57.48,5.7,0.755874856,32.49,2.387467277,0.175438596,1.740466175,185.193,1.786315988,0.030778701,-2.510961919,0.39825375,0.158606049,0.63107349,-0.377937428
14.7,0.434372243,9.9,3779,4.34,12.4,1641.492705,1.885175534,5.38621581,4.300285203,37412.1,42.966,122.76,16400.86,46859.6,53.816,5.3,0.72427587,28.09,2.302172887,0.188679245,1.667706821,148.877,1.743513401,0.035599858,-2.40599236,0.415628918,0.172747397,0.644692886,-0.362137935
15.7,0.471404521,9.6,3482,4.1,12.9,1641.430541,1.932758535,6.081118318,4.5254834,33427.2,39.36,123.84,14276.2,44917.8,52.89,4.5,0.653212514,20.25,2.121320344,0.222222222,1.504077397,91.125,1.650963624,0.049382716,-2.169925001,0.460845421,0.212378502,0.678855965,-0.326606257
19,0.519875245,8.6,3217,5.18,13.1,1672.438663,2.692953769,6.810365708,4.470927106,27666.2,44.548,112.66,16664.06,42142.7,67.858,3.7,0.568201724,13.69,1.923538406,0.27027027,1.30833282,50.653,1.546680374,0.073046019,-1.887525271,0.529794231,0.280681928,0.727869653,-0.284100862
15.4,0.324442842,9.9,4291,4.74,16.8,1392.184236,1.537859072,5.45063975,3.211984138,42480.9,46.926,166.32,20339.34,72088.8,79.632,9.5,0.977723605,90.25,3.082207001,0.105263158,2.251291799,857.375,2.117911792,0.011080332,-3.247927513,0.307888645,0.094795417,0.554877144,-0.488861803
16.5,0.349215148,9.7,4279.87,5.58,17,1494.595435,1.948620525,5.936657514,3.387386934,41514.739,54.126,164.9,23881.6746,72757.79,94.86,8.2,0.913813852,67.24,2.863564213,0.12195122,2.104134154,551.368,2.016529675,0.0148721,-3.03562391,0.329421572,0.108518572,0.573952587,-0.456906926
15.9,0.353553391,9.4,4129,4.97,17,1459.82195,1.757160351,6.01040764,3.323401872,38812.6,46.718,159.8,20521.13,70193,84.49,8,0.903089987,64,2.828427125,0.125,2.079441542,512,2,0.015625,-3,0.333333333,0.111111111,0.577350269,-0.451544993
17.5,0.434372243,8.8,4460,5.08,17,1937.300203,2.206610993,7.384328127,3.822475736,39248,44.704,149.6,22656.8,75820,86.36,5.3,0.72427587,28.09,2.302172887,0.188679245,1.667706821,148.877,1.743513401,0.035599858,-2.40599236,0.415628918,0.172747397,0.644692886,-0.362137935
17,0.442807443,8.6,4759.7,5.25,17.9,2107.630585,2.324739075,7.926253226,3.808144008,40933.42,45.15,153.94,24988.425,85198.63,93.975,5.1,0.707570176,26.01,2.258317958,0.196078431,1.62924054,132.651,1.721300621,0.038446751,-2.350497247,0.425441894,0.181000805,0.652259069,-0.353785088
12.5,0.370116605,9.4,4894,3.56,15.2,1811.350665,1.317615114,5.625772398,3.479096088,46003.6,33.464,142.88,17422.64,74388.8,54.112,7.3,0.86332286,53.29,2.701851217,0.136986301,1.987874348,389.017,1.939877415,0.018765247,-2.867896464,0.348687623,0.121583058,0.590497775,-0.43166143
12.3,0.375293313,9.2,5335.44,4.72,15.3,2002.354951,1.771384435,5.741987682,3.452698475,49086.048,43.424,140.76,25183.2768,81632.232,72.216,7.1,0.851258349,50.41,2.664582519,0.14084507,1.960094784,357.911,1.921997343,0.019837334,-2.827819025,0.353629419,0.125053766,0.594667486,-0.425629174
12.6,0.386333705,8.9,4810,4.24,15,1858.265119,1.638054908,5.79500557,3.438369971,42809,37.736,133.5,20394.4,72150,63.6,6.7,0.826074803,44.89,2.588435821,0.149253731,1.902107526,300.763,1.885203631,0.022276676,-2.744161096,0.364410093,0.132794716,0.603663891,-0.413037401
14.6,0.395284708,8.5,4269,4.51,14.8,1687.470416,1.782734031,5.850213671,3.359920014,36286.5,38.335,125.8,19253.19,63181.2,66.748,6.4,0.806179974,40.96,2.529822128,0.15625,1.85629799,262.144,1.856635533,0.024414063,-2.678071905,0.373402969,0.139429777,0.611067074,-0.403089987
15.4,0.398409536,8.1,4516,4.53,14.9,1799.217467,1.8047952,5.936302093,3.227117245,36579.6,36.693,120.69,20457.48,67288.4,67.497,6.3,0.799340549,39.69,2.50998008,0.158730159,1.840549633,250.047,1.84691475,0.025195263,-2.655351829,0.376597929,0.141826,0.613675753,-0.399670275
14.4,0.40824829,7.6,4587.37,4.53,15.5,1872.78596,1.849364756,6.327848502,3.102687008,34864.012,34.428,117.8,20780.7861,71104.235,70.215,6,0.77815125,36,2.449489743,0.166666667,1.791759469,216,1.817120593,0.027777778,-2.584962501,0.386852807,0.149655094,0.621974925,-0.389075625
15.4,0.442807443,7.2,4453,5.17,14.8,1971.821543,2.289314479,6.553550153,3.188213588,32061.6,37.224,106.56,23022.01,65904.4,76.516,5.1,0.707570176,26.01,2.258317958,0.196078431,1.62924054,132.651,1.721300621,0.038446751,-2.350497247,0.425441894,0.181000805,0.652259069,-0.353785088
17.5,0.365148372,12.8,3896,4.38,15.5,1422.618056,1.599349868,5.659799761,4.673899157,49868.8,56.064,198.4,17064.48,60388,67.89,7.5,0.875061263,56.25,2.738612788,0.133333333,2.014903021,421.875,1.957433821,0.017777778,-2.906890596,0.344010195,0.118343014,0.586523823,-0.437530632
18.4,0.389249472,12,3737,4.94,16.3,1454.625277,1.922892392,6.344766395,4.670993665,44844,59.28,195.6,18460.78,60913.1,80.522,6.6,0.819543936,43.56,2.569046516,0.151515152,1.887069649,287.496,1.875777455,0.022956841,-2.722466024,0.367314042,0.134919606,0.606064388,-0.409771968
17.7,0.476731295,11.2,3408,5.06,16.3,1624.700252,2.412260351,7.770720102,5.3393905,38169.6,56.672,182.56,17244.48,55550.4,82.478,4.4,0.643452676,19.36,2.097617696,0.227272727,1.481604541,85.184,1.638642541,0.051652893,-2.137503524,0.467835486,0.218870042,0.683985004,-0.321726338
16.9,0.512989176,10.7,3271.69,4.35,15.8,1678.341557,2.231502916,8.105228981,5.488984184,35007.083,46.545,169.06,14231.8515,51692.702,68.73,3.8,0.579783597,14.44,1.949358869,0.263157895,1.335001067,54.872,1.560490751,0.069252078,-1.925999419,0.519210956,0.269580017,0.720562944,-0.289891798
9.5,0.377964473,10.2,4761,3.27,10.2,1799.488856,1.235943827,3.855237625,3.855237625,48562.2,33.354,104.04,15568.47,48562.2,33.354,7,0.84509804,49,2.645751311,0.142857143,1.945910149,343,1.912931183,0.020408163,-2.807354922,0.356207187,0.12688356,0.596830954,-0.42254902
9.9,0.377964473,9.9,4014.43,3.9,10.3,1517.311919,1.474061445,3.893034072,3.741848283,39742.857,38.61,101.97,15656.277,41348.629,40.17,7,0.84509804,49,2.645751311,0.142857143,1.945910149,343,1.912931183,0.020408163,-2.807354922,0.356207187,0.12688356,0.596830954,-0.42254902
9.6,0.389249472,9.6,4326,3.26,10.7,1683.893216,1.268953279,4.164969351,3.736794932,41529.6,31.296,102.72,14102.76,46288.2,34.882,6.6,0.819543936,43.56,2.569046516,0.151515152,1.887069649,287.496,1.875777455,0.022956841,-2.722466024,0.367314042,0.134919606,0.606064388,-0.409771968
10.1,0.415227399,9.2,4219,3.25,10.6,1751.844398,1.349489048,4.401410432,3.820092073,38814.8,29.9,97.52,13711.75,44721.4,34.45,5.8,0.763427994,33.64,2.408318916,0.172413793,1.757857918,195.112,1.796701779,0.029726516,-2.5360529,0.394313541,0.155483169,0.6279439,-0.381713997
9.2,0.442807443,8.9,3502,3.05,10.9,1550.711665,1.3505627,4.826601126,3.940986241,31167.8,27.145,97.01,10681.1,38171.8,33.245,5.1,0.707570176,26.01,2.258317958,0.196078431,1.62924054,132.651,1.721300621,0.038446751,-2.350497247,0.425441894,0.181000805,0.652259069,-0.353785088
10.4,0.482242822,8.2,3022,3.94,11.1,1457.337809,1.900036719,5.352895326,3.954391142,24780.4,32.308,91.02,11906.68,33544.2,43.734,4.3,0.633468456,18.49,2.073644135,0.23255814,1.458615023,79.507,1.626133332,0.054083288,-2.10433666,0.475209133,0.22582372,0.689354142,-0.316734228
9.1,0.386333705,7.8,2245.85,4.76,11.5,867.6475506,1.838948434,4.442837603,3.013402896,17517.63,37.128,89.7,10690.246,25827.275,54.74,6.7,0.826074803,44.89,2.588435821,0.149253731,1.902107526,300.763,1.885203631,0.022276676,-2.744161096,0.364410093,0.132794716,0.603663891,-0.413037401
8.8,0.418853908,7,2076,4.23,11.6,869.5407136,1.771752032,4.858705336,2.931977358,14532,29.61,81.2,8781.48,24081.6,49.068,5.7,0.755874856,32.49,2.387467277,0.175438596,1.740466175,185.193,1.786315988,0.030778701,-2.510961919,0.39825375,0.158606049,0.63107349,-0.377937428
9.2,0.506369684,6.4,1851.7,4.32,11.7,937.644743,2.187517033,5.924525297,3.240765975,11850.88,27.648,74.88,7999.344,21664.89,50.544,3.9,0.591064607,15.21,1.974841766,0.256410256,1.360976553,59.319,1.574060917,0.06574622,-1.963474124,0.509301339,0.259387854,0.713653515,-0.295532304
12.4,0.311588476,9.4,2865,4.53,13.9,892.700985,1.411495798,4.331079822,2.928931678,26931,42.582,130.66,12978.45,39823.5,62.967,10.3,1.012837225,106.09,3.209361307,0.097087379,2.332143895,1092.727,2.175767114,0.009425959,-3.364572432,0.297214585,0.08833651,0.545173904,-0.506418612
13.6,0.372677996,8.5,2615,4.45,14.4,974.5529602,1.658417083,5.366563146,3.167762968,22227.5,37.825,122.4,11636.75,37656,64.08,7.2,0.857332496,51.84,2.683281573,0.138888889,1.974081026,373.248,1.930978769,0.019290123,-2.847996907,0.351123977,0.123288047,0.592557151,-0.428666248
14.2,0.430331483,8.2,2598,4.33,14.4,1118.001193,1.863335321,6.196773354,3.52871816,21303.6,35.506,118.08,11249.34,37411.2,62.352,5.4,0.73239376,29.16,2.323790008,0.185185185,1.686398954,157.464,1.754410643,0.034293553,-2.432959407,0.411022065,0.168939138,0.641110026,-0.36619688
13.7,0.447213595,7.8,2639.09,4.44,14.5,1180.236928,1.985628364,6.484597135,3.488266045,20584.902,34.632,113.1,11717.5596,38266.805,64.38,5,0.698970004,25,2.236067977,0.2,1.609437912,125,1.709975947,0.04,-2.321928095,0.430676558,0.185482298,0.65625952,-0.349485002
12.7,0.395284708,9.7,3294,3.86,10.1,1302.067827,1.525798971,3.992375546,3.834261663,31951.8,37.442,97.97,12714.84,33269.4,38.986,6.4,0.806179974,40.96,2.529822128,0.15625,1.85629799,262.144,1.856635533,0.024414063,-2.678071905,0.373402969,0.139429777,0.611067074,-0.403089987
12.2,0.422577127,9.4,3112,4.24,10.2,1315.06002,1.79172702,4.310286699,3.972224997,29252.8,39.856,95.88,13194.88,31742.4,43.248,5.6,0.748188027,31.36,2.366431913,0.178571429,1.722766598,175.616,1.775808003,0.031887755,-2.485426827,0.40234538,0.161881804,0.634307007,-0.374094014
12.5,0.447213595,9,2930,4.18,10.5,1310.335835,1.869352829,4.695742753,4.024922359,26370,37.62,94.5,12247.4,30765,43.89,5,0.698970004,25,2.236067977,0.2,1.609437912,125,1.709975947,0.04,-2.321928095,0.430676558,0.185482298,0.65625952,-0.349485002
12.6,0.487950036,8.7,2770,4.5,10.8,1351.621601,2.195775164,5.269860394,4.245165317,24099,39.15,93.96,12465,29916,48.6,4.2,0.62324929,17.64,2.049390153,0.238095238,1.435084525,74.088,1.613428646,0.056689342,-2.070389328,0.483000944,0.233289912,0.694982693,-0.311624645
13.5,0.506369684,8,2586.15,4.25,11,1309.547957,2.152071155,5.570066519,4.050957468,20689.2,34,88,10991.1375,28447.65,46.75,3.9,0.591064607,15.21,1.974841766,0.256410256,1.360976553,59.319,1.574060917,0.06574622,-1.963474124,0.509301339,0.259387854,0.713653515,-0.295532304
14,0.542326145,7.6,2671,4.35,11.2,1448.553132,2.359118729,6.074052819,4.121678699,20299.6,33.06,85.12,11618.85,29915.2,48.72,3.4,0.531478917,11.56,1.843908891,0.294117647,1.223775432,39.304,1.503694596,0.08650519,-1.765534746,0.566400634,0.320809678,0.75259593,-0.265739459
13.7,0.333333333,9.4,6147.54,4.64,16.5,2049.18,1.546666667,5.5,3.133333333,57786.876,43.616,155.1,28524.5856,101434.41,76.56,9,0.954242509,81,3,0.111111111,2.197224577,729,2.080083823,0.012345679,-3.169925001,0.315464877,0.099518088,0.5616626,-0.477121255
12.7,0.365148372,8.7,5845,4.97,16.5,2134.292232,1.814787407,6.024948133,3.176790834,50851.5,43.239,143.55,29049.65,96442.5,82.005,7.5,0.875061263,56.25,2.738612788,0.133333333,2.014903021,421.875,1.957433821,0.017777778,-2.906890596,0.344010195,0.118343014,0.586523823,-0.437530632
14.3,0.395284708,8.2,5988,4.14,16.2,2366.964829,1.636478689,6.403612262,3.241334602,49101.6,33.948,132.84,24790.32,97005.6,67.068,6.4,0.806179974,40.96,2.529822128,0.15625,1.85629799,262.144,1.856635533,0.024414063,-2.678071905,0.373402969,0.139429777,0.611067074,-0.403089987
12.8,0.415227399,8,5528.54,3.92,16.3,2295.601286,1.627691405,6.768206608,3.321819194,44228.32,31.36,130.4,21671.8768,90115.202,63.896,5.8,0.763427994,33.64,2.408318916,0.172413793,1.757857918,195.112,1.796701779,0.029726516,-2.5360529,0.394313541,0.155483169,0.6279439,-0.381713997
14.9,0.442807443,7.7,5645,5.41,16.8,2499.648014,2.395588265,7.439165039,3.409617309,43466.5,41.657,129.36,30539.45,94836,90.888,5.1,0.707570176,26.01,2.258317958,0.196078431,1.62924054,132.651,1.721300621,0.038446751,-2.350497247,0.425441894,0.181000805,0.652259069,-0.353785088
15.2,0.380693494,10.9,5164.72,4.91,14.3,1966.175301,1.869205055,5.443916962,4.149559083,56295.448,53.519,155.87,25358.7752,73855.496,70.213,6.9,0.838849091,47.61,2.626785107,0.144927536,1.931521412,328.509,1.903778262,0.021003991,-2.786596362,0.358860728,0.128781022,0.599049855,-0.419424545
16.8,0.404888165,10.1,4513,5.05,14.7,1827.260289,2.044685234,5.951856027,4.089370467,45581.3,51.005,148.47,22790.65,66341.1,74.235,6.1,0.785329835,37.21,2.469817807,0.163934426,1.808288771,226.981,1.827160137,0.026874496,-2.608809243,0.383316643,0.146931648,0.619125708,-0.392664918
17.3,0.447213595,9.8,4149,4.68,14.5,1855.489208,2.092959627,6.484597135,4.382693236,40660.2,45.864,142.1,19417.32,60160.5,67.86,5,0.698970004,25,2.236067977,0.2,1.609437912,125,1.709975947,0.04,-2.321928095,0.430676558,0.185482298,0.65625952,-0.349485002
18.8,0.512989176,9.1,4053,5.51,14.9,2079.145131,2.82657036,7.643538723,4.668201502,36882.3,50.141,135.59,22332.03,60389.7,82.099,3.8,0.579783597,14.44,1.949358869,0.263157895,1.335001067,54.872,1.560490751,0.069252078,-1.925999419,0.519210956,0.269580017,0.720562944,-0.289891798
23.2,0.383482494,13.1,3304,4.43,13.3,1267.026162,1.69882745,5.100317176,5.023620677,43282.4,58.033,174.23,14636.72,43943.2,58.919,6.8,0.832508913,46.24,2.607680962,0.147058824,1.916922612,314.432,1.894536474,0.021626298,-2.765534746,0.361593721,0.130750019,0.601326634,-0.416254456
23.2,0.40824829,12.8,3409.81,5.18,12.9,1392.049103,2.114726145,5.266402947,5.225578118,43645.568,66.304,165.12,17662.8158,43986.549,66.822,6,0.77815125,36,2.449489743,0.166666667,1.791759469,216,1.817120593,0.027777778,-2.584962501,0.386852807,0.149655094,0.621974925,-0.389075625
23.9,0.430331483,12.2,3101,4.65,14,1334.457929,2.001041396,6.024640761,5.250044092,37832.2,56.73,170.8,14419.65,43414,65.1,5.4,0.73239376,29.16,2.323790008,0.185185185,1.686398954,157.464,1.754410643,0.034293553,-2.432959407,0.411022065,0.168939138,0.641110026,-0.36619688
24.4,0.461265604,11.8,3014,4.65,13.2,1390.25453,2.144885059,6.088705973,5.442934127,35565.2,54.87,155.76,14015.1,39784.8,61.38,4.7,0.672097858,22.09,2.167948339,0.212765957,1.547562509,103.823,1.675068684,0.045269353,-2.232660757,0.44789608,0.200610898,0.669250386,-0.336048929
26.2,0.487950036,11.4,2878,5.19,13.7,1404.320205,2.532460689,6.6849155,5.562630416,32809.2,59.166,156.18,14936.82,39428.6,71.103,4.2,0.62324929,17.64,2.049390153,0.238095238,1.435084525,74.088,1.613428646,0.056689342,-2.070389328,0.483000944,0.233289912,0.694982693,-0.311624645
25.6,0.493864798,11.1,2947.69,5.34,14.4,1455.760327,2.637238023,7.111653096,5.481899261,32719.359,59.274,159.84,15740.6646,42446.736,76.896,4.1,0.612783857,16.81,2.024845673,0.243902439,1.410986974,68.921,1.600520664,0.0594884,-2.03562391,0.491249879,0.241326444,0.700892202,-0.306391928
29.6,0.506369684,10.6,2971,5.36,13.7,1504.42433,2.714141504,6.937264665,5.367518646,31492.6,56.816,145.22,15924.56,40702.7,73.432,3.9,0.591064607,15.21,1.974841766,0.256410256,1.360976553,59.319,1.574060917,0.06574622,-1.963474124,0.509301339,0.259387854,0.713653515,-0.295532304
10.4,0.476731295,11,4939,4.4,10.5,2354.575864,2.097617696,5.005678594,5.244044241,54329,48.4,115.5,21731.6,51859.5,46.2,4.4,0.643452676,19.36,2.097617696,0.227272727,1.481604541,85.184,1.638642541,0.051652893,-2.137503524,0.467835486,0.218870042,0.683985004,-0.321726338
12.4,0.5,10.8,4592.43,4.3,10.6,2296.215,2.15,5.3,5.4,49598.244,46.44,114.48,19747.449,48679.758,45.58,4,0.602059991,16,2,0.25,1.386294361,64,1.587401052,0.0625,-2,0.5,0.25,0.707106781,-0.301029996
11.8,0.512989176,10.3,4215,4.24,11.2,2162.249377,2.175074106,5.745478772,5.283788513,43414.5,43.672,115.36,17871.6,47208,47.488,3.8,0.579783597,14.44,1.949358869,0.263157895,1.335001067,54.872,1.560490751,0.069252078,-1.925999419,0.519210956,0.269580017,0.720562944,-0.289891798
12.9,0.567961834,9,3967.24,4.17,11.9,2253.240907,2.368400849,6.758745828,5.111656508,35705.16,37.53,107.1,16543.3908,47210.156,49.623,3.1,0.491361694,9.61,1.760681686,0.322580645,1.131402111,29.791,1.458099736,0.104058273,-1.632268215,0.612644411,0.375333175,0.782716048,-0.245680847
14.3,0.58722022,8.6,2445,4.39,12,1435.753437,2.577896764,7.046642634,5.050093888,21027,37.754,103.2,10733.55,29340,52.68,2.9,0.462397998,8.41,1.702938637,0.344827586,1.064710737,24.389,1.426043147,0.118906064,-1.5360529,0.651019245,0.423826058,0.806857636,-0.231198999
18.9,0.272165527,11.5,5833,3.95,11.3,1587.541519,1.075053832,3.075470455,3.12990356,67079.5,45.425,129.95,23040.35,65912.9,44.635,13.5,1.130333768,182.25,3.674234614,0.074074074,2.602689685,2460.375,2.381101578,0.005486968,-3.754887502,0.266319563,0.07092611,0.516061589,-0.565166884
19,0.298807152,11.3,5182.02,4.28,12.2,1548.42464,1.278894612,3.645447258,3.376520821,58556.826,48.364,137.86,22179.0456,63220.644,52.216,11.2,1.049218023,125.44,3.346640106,0.089285714,2.415913778,1404.928,2.237377884,0.007971939,-3.485426827,0.286908907,0.082316721,0.535638784,-0.524609011
19.4,0.322748612,11,4816,4.1,12.9,1554.357316,1.32326931,4.163457097,3.550234734,52976,45.1,141.9,19745.6,62126.4,52.89,9.6,0.982271233,92.16,3.098386677,0.104166667,2.261763098,884.736,2.125317138,0.010850694,-3.263034406,0.306463211,0.093919699,0.553591194,-0.491135617
20.1,0.355784033,10.7,4328,4.3,13.4,1539.833297,1.529871344,4.767506049,3.806889158,46309.6,46.01,143.38,18610.4,57995.2,57.62,7.9,0.897627091,62.41,2.810693865,0.126582278,2.066862759,493.039,1.991631701,0.016023073,-2.981852653,0.335361977,0.112467655,0.579104461,-0.448813546
19.3,0.383482494,10.4,4001,4.41,13.4,1534.31346,1.6911578,5.138665425,3.988217942,41610.4,45.864,139.36,17644.41,53613.4,59.094,6.8,0.832508913,46.24,2.607680962,0.147058824,1.916922612,314.432,1.894536474,0.021626298,-2.765534746,0.361593721,0.130750019,0.601326634,-0.416254456
22.1,0.418853908,10,4283.32,4.21,13.2,1794.085322,1.763374954,5.528871589,4.188539083,42833.2,42.1,132,18032.7772,56539.824,55.572,5.7,0.755874856,32.49,2.387467277,0.175438596,1.740466175,185.193,1.786315988,0.030778701,-2.510961919,0.39825375,0.158606049,0.63107349,-0.377937428
20.9,0.442807443,9.5,4178,4.76,12.2,1850.049496,2.107763428,5.402250802,4.206670706,39691,45.22,115.9,19887.28,50971.6,58.072,5.1,0.707570176,26.01,2.258317958,0.196078431,1.62924054,132.651,1.721300621,0.038446751,-2.350497247,0.425441894,0.181000805,0.652259069,-0.353785088
15,0.430331483,11.6,3952,4.05,11.6,1700.67002,1.742842506,4.991845202,4.991845202,45843.2,46.98,134.56,16005.6,45843.2,46.98,5.4,0.73239376,29.16,2.323790008,0.185185185,1.686398954,157.464,1.754410643,0.034293553,-2.432959407,0.411022065,0.168939138,0.641110026,-0.36619688
15.2,0.426401433,11.2,3894.95,5.28,11.8,1660.81226,2.251399565,5.031536906,4.775696046,43623.44,59.136,132.16,20565.336,45960.41,62.304,5.5,0.740362689,30.25,2.34520788,0.181818182,1.704748092,166.375,1.765174168,0.033057851,-2.459431619,0.406598009,0.165321941,0.637650382,-0.370181345
14,0.442807443,10.9,3795,3.94,12.7,1680.454245,1.744661325,5.623654523,4.826601126,41365.5,42.946,138.43,14952.3,48196.5,50.038,5.1,0.707570176,26.01,2.258317958,0.196078431,1.62924054,132.651,1.721300621,0.038446751,-2.350497247,0.425441894,0.181000805,0.652259069,-0.353785088
18.6,0.482242822,10.5,3792,4.73,12.2,1828.664782,2.281008549,5.88336243,5.063549633,39816,49.665,128.1,17936.16,46262.4,57.706,4.3,0.633468456,18.49,2.073644135,0.23255814,1.458615023,79.507,1.626133332,0.054083288,-2.10433666,0.475209133,0.22582372,0.689354142,-0.316734228
17.1,0.542326145,10.2,3627,5.42,12.9,1967.016926,2.939407703,6.996007265,5.531726674,36995.4,55.284,131.58,19658.34,46788.3,69.918,3.4,0.531478917,11.56,1.843908891,0.294117647,1.223775432,39.304,1.503694596,0.08650519,-1.765534746,0.566400634,0.320809678,0.75259593,-0.265739459
18.3,0.58722022,9.8,3707.9,5.07,12.8,2177.353852,2.977206513,7.51641881,5.754758151,36337.42,49.686,125.44,18799.053,47461.12,64.896,2.9,0.462397998,8.41,1.702938637,0.344827586,1.064710737,24.389,1.426043147,0.118906064,-1.5360529,0.651019245,0.423826058,0.806857636,-0.231198999
7.8,0.327912918,7.1,3803,3.05,10,1247.052827,1.0001344,3.279129179,2.328181717,27001.3,21.655,71,11599.15,38030,30.5,9.3,0.968482949,86.49,3.049590136,0.107526882,2.2300144,804.357,2.102943717,0.01156203,-3.217230716,0.310826325,0.096613004,0.557518004,-0.484241474
7.6,0.327912918,6.8,3802.23,3.67,10.2,1246.800334,1.203440409,3.344711762,2.229807842,25855.164,24.956,69.36,13954.1841,38782.746,37.434,9.3,0.968482949,86.49,3.049590136,0.107526882,2.2300144,804.357,2.102943717,0.01156203,-3.217230716,0.310826325,0.096613004,0.557518004,-0.484241474
8.8,0.383482494,6.1,3561,3.56,10.5,1365.581163,1.36519768,4.026566191,2.339243216,21722.1,21.716,64.05,12677.16,37390.5,37.38,6.8,0.832508913,46.24,2.607680962,0.147058824,1.916922612,314.432,1.894536474,0.021626298,-2.765534746,0.361593721,0.130750019,0.601326634,-0.416254456
7.7,0.447213595,5.4,3371.92,3.57,10.5,1507.968467,1.596552536,4.695742753,2.414953416,18208.368,19.278,56.7,12037.7544,35405.16,37.485,5,0.698970004,25,2.236067977,0.2,1.609437912,125,1.709975947,0.04,-2.321928095,0.430676558,0.185482298,0.65625952,-0.349485002
8.8,0.466252404,5.1,3305,3.6,10.3,1540.964196,1.678508655,4.802399762,2.377887261,16855.5,18.36,52.53,11898,34041.5,37.08,4.6,0.662757832,21.16,2.144761059,0.217391304,1.526056303,97.336,1.663103499,0.047258979,-2.201633861,0.45420813,0.206305026,0.67394965,-0.331378916
20,0.367607311,11.7,5468,4.72,13.5,2010.076777,1.735106508,4.962698699,4.301005539,63975.6,55.224,157.95,25808.96,73818,63.72,7.4,0.86923172,54.76,2.720294102,0.135135135,2.00148,405.224,1.94869516,0.018261505,-2.887525271,0.346317315,0.119935683,0.588487311,-0.43461586
21.5,0.386333705,10.9,5019,4.34,14.7,1939.008864,1.676688278,5.679105458,4.211037381,54707.1,47.306,160.23,21782.46,73779.3,63.798,6.7,0.826074803,44.89,2.588435821,0.149253731,1.902107526,300.763,1.885203631,0.022276676,-2.744161096,0.364410093,0.132794716,0.603663891,-0.413037401
24,0.39223227,10.5,5534,4.47,15,2170.613384,1.753278248,5.883484054,4.118438838,58107,46.935,157.5,24736.98,83010,67.05,6.5,0.812913357,42.25,2.549509757,0.153846154,1.871802177,274.625,1.866255578,0.023668639,-2.700439718,0.370310062,0.137129542,0.608531069,-0.406456678
22.6,0.386333705,10,5172.27,4.43,15.1,1998.222231,1.711458312,5.83363894,3.863337046,51722.7,44.3,151,22913.1561,78101.277,66.893,6.7,0.826074803,44.89,2.588435821,0.149253731,1.902107526,300.763,1.885203631,0.022276676,-2.744161096,0.364410093,0.132794716,0.603663891,-0.413037401
23.5,0.411693485,9.5,4924,4.51,15.7,2027.178719,1.856737616,6.463587711,3.911088106,46778,42.845,149.15,22207.24,77306.8,70.807,5.9,0.770852012,34.81,2.42899156,0.169491525,1.774952351,205.379,1.806968869,0.028727377,-2.560714954,0.390515937,0.152502697,0.624912744,-0.385426006
8.7,0.34299717,6.4,3134.41,3.83,10.9,1075.093761,1.313679162,3.738669156,2.19518189,20060.224,24.512,69.76,12004.7903,34165.069,41.747,8.5,0.929418926,72.25,2.915475947,0.117647059,2.140066163,614.125,2.040827551,0.01384083,-3.087462841,0.323890538,0.10490508,0.569113818,-0.464709463
8.6,0.360374985,6,2862,3.75,11.2,1031.393207,1.351406194,4.036199833,2.16224991,17172,22.5,67.2,10732.5,32054.4,42,7.7,0.886490725,59.29,2.774887385,0.12987013,2.041220329,456.533,1.974680822,0.016866251,-2.944858446,0.339574896,0.11531111,0.582730552,-0.443245363
8.6,0.398409536,5.7,2618,3.76,11.5,1043.036166,1.498019857,4.581709669,2.270934358,14922.6,21.432,65.55,9843.68,30107,43.24,6.3,0.799340549,39.69,2.50998008,0.158730159,1.840549633,250.047,1.84691475,0.025195263,-2.655351829,0.376597929,0.141826,0.613675753,-0.399670275
8.3,0.434372243,5.4,2591,3.9,11.4,1125.458481,1.694051747,4.951843567,2.345610111,13991.4,21.06,61.56,10104.9,29537.4,44.46,5.3,0.72427587,28.09,2.302172887,0.188679245,1.667706821,148.877,1.743513401,0.035599858,-2.40599236,0.415628918,0.172747397,0.644692886,-0.362137935
8.5,0.461265604,4.9,2561,3.85,11.6,1181.301212,1.775872575,5.350681007,2.26020146,12548.9,18.865,56.84,9859.85,29707.6,44.66,4.7,0.672097858,22.09,2.167948339,0.212765957,1.547562509,103.823,1.675068684,0.045269353,-2.232660757,0.44789608,0.200610898,0.669250386,-0.336048929
12.6,0.3086067,10.5,5329,3.92,13.3,1644.565104,1.209738264,4.104469109,3.240370349,55954.5,41.16,139.65,20889.68,70875.7,52.136,10.5,1.021189299,110.25,3.240370349,0.095238095,2.351375257,1157.625,2.18975957,0.009070295,-3.392317423,0.294783735,0.08689745,0.5429399,-0.51059465
13,0.353553391,9.9,4510,4.74,13.8,1594.525792,1.675843071,4.87903679,3.500178567,44649,46.926,136.62,21377.4,62238,65.412,8,0.903089987,64,2.828427125,0.125,2.079441542,512,2,0.015625,-3,0.333333333,0.111111111,0.577350269,-0.451544993
13.6,0.398409536,9.6,4110,4.89,13.8,1637.463195,1.948222633,5.498051603,3.82473155,39456,46.944,132.48,20097.9,56718,67.482,6.3,0.799340549,39.69,2.50998008,0.158730159,1.840549633,250.047,1.84691475,0.025195263,-2.655351829,0.376597929,0.141826,0.613675753,-0.399670275
14,0.418853908,9.3,4006,4.67,13.9,1677.928757,1.956047752,5.822069325,3.895341347,37255.8,43.431,129.27,18708.02,55683.4,64.913,5.7,0.755874856,32.49,2.387467277,0.175438596,1.740466175,185.193,1.786315988,0.030778701,-2.510961919,0.39825375,0.158606049,0.63107349,-0.377937428
13.5,0.442807443,9,3691.01,4.72,13.8,1634.406699,2.09005113,6.11074271,3.985266985,33219.09,42.48,124.2,17421.5672,50935.938,65.136,5.1,0.707570176,26.01,2.258317958,0.196078431,1.62924054,132.651,1.721300621,0.038446751,-2.350497247,0.425441894,0.181000805,0.652259069,-0.353785088
14.8,0.471404521,8.7,3722,4.56,13.3,1754.567626,2.149604615,6.269680127,4.101219331,32381.4,39.672,115.71,16972.32,49502.6,60.648,4.5,0.653212514,20.25,2.121320344,0.222222222,1.504077397,91.125,1.650963624,0.049382716,-2.169925001,0.460845421,0.212378502,0.678855965,-0.326606257
15,0.567961834,10.5,4244.92,4.61,10.5,2410.952549,2.618304056,5.96359926,5.96359926,44571.66,48.405,110.25,19569.0812,44571.66,48.405,3.1,0.491361694,9.61,1.760681686,0.322580645,1.131402111,29.791,1.458099736,0.104058273,-1.632268215,0.612644411,0.375333175,0.782716048,-0.245680847
18.5,0.608580619,9.6,4311,4.02,10.6,2623.59105,2.44649409,6.450954566,5.842373947,41385.6,38.592,101.76,17330.22,45696.6,42.612,2.7,0.431363764,7.29,1.643167673,0.37037037,0.993251773,19.683,1.39247665,0.137174211,-1.432959407,0.697856474,0.487003659,0.835378043,-0.215681882
16.4,0.597614305,9.3,4375,3.9,10.7,2614.562583,2.330695788,6.39447306,5.557813033,40687.5,36.27,99.51,17062.5,46812.5,41.73,2.8,0.447158031,7.84,1.673320053,0.357142857,1.029619417,21.952,1.409459746,0.12755102,-1.485426827,0.673207176,0.453207902,0.820492033,-0.223579016
18.5,0.567961834,8.8,4622.92,4.03,11.5,2625.642123,2.288886192,6.531561094,4.998064141,40681.696,35.464,101.2,18630.3676,53163.58,46.345,3.1,0.491361694,9.61,1.760681686,0.322580645,1.131402111,29.791,1.458099736,0.104058273,-1.632268215,0.612644411,0.375333175,0.782716048,-0.245680847
20.4,0.608580619,8.3,5326,4.92,10.3,3241.300379,2.994216648,6.26838038,5.051219141,44205.8,40.836,85.49,26203.92,54857.8,50.676,2.7,0.431363764,7.29,1.643167673,0.37037037,0.993251773,19.683,1.39247665,0.137174211,-1.432959407,0.697856474,0.487003659,0.835378043,-0.215681882
12.7,0.34099717,10.4,3020,4.65,13.3,1029.811453,1.585636839,4.535262357,3.546370565,31408,48.36,138.32,14043,40166,61.845,8.6,0.934498451,73.96,2.93257566,0.11627907,2.151762203,636.056,2.048799615,0.013520822,-3.10433666,0.32213001,0.103767743,0.567564983,-0.467249226
13.2,0.365148372,9.8,2679,4.61,13.6,978.2324877,1.683333993,4.966017855,3.578454042,26254.2,45.178,133.28,12350.19,36434.4,62.696,7.5,0.875061263,56.25,2.738612788,0.133333333,2.014903021,421.875,1.957433821,0.017777778,-2.906890596,0.344010195,0.118343014,0.586523823,-0.437530632
14.2,0.451753951,9.1,2734,5.22,13.9,1235.095303,2.358155627,6.279379925,4.110960958,24879.4,47.502,126.49,14271.48,38002.6,72.558,4.9,0.69019608,24.01,2.213594362,0.204081633,1.589235205,117.649,1.698499252,0.041649313,-2.292781749,0.436151413,0.190228055,0.660417605,-0.34509804
14.7,0.447213595,8.7,2387.61,5.13,14.2,1067.771653,2.294205745,6.350433056,3.890758281,20772.207,44.631,123.54,12248.4393,33904.062,72.846,5,0.698970004,25,2.236067977,0.2,1.609437912,125,1.709975947,0.04,-2.321928095,0.430676558,0.185482298,0.65625952,-0.349485002
14.9,0.447213595,8.4,2397,5.37,14,1071.970988,2.401537008,6.260990337,3.756594202,20134.8,45.108,117.6,12871.89,33558,75.18,5,0.698970004,25,2.236067977,0.2,1.609437912,125,1.709975947,0.04,-2.321928095,0.430676558,0.185482298,0.65625952,-0.349485002
18.2,0.401609664,11.7,3848,5.24,15.6,1545.393989,2.104434642,6.265110765,4.698833074,45021.6,61.308,182.52,20163.52,60028.8,81.744,6.2,0.792391689,38.44,2.48997992,0.161290323,1.824549292,238.328,1.83709055,0.026014568,-2.632268215,0.379900496,0.144324387,0.616360686,-0.396195845
17.5,0.43852901,11.5,3561.29,4.99,15.3,1561.728977,2.188259758,6.709493848,5.043083611,40954.835,57.385,175.95,17770.8371,54487.737,76.347,5.2,0.716003344,27.04,2.28035085,0.192307692,1.648658626,140.608,1.732478211,0.036982249,-2.378511623,0.420430991,0.176762219,0.648406502,-0.358001672
17.3,0.434372243,11,3386,4.98,15.8,1470.784414,2.163173769,6.863081436,4.77809467,37246,54.78,173.8,16862.28,53498.8,78.684,5.3,0.72427587,28.09,2.302172887,0.188679245,1.667706821,148.877,1.743513401,0.035599858,-2.40599236,0.415628918,0.172747397,0.644692886,-0.362137935
18.9,0.471404521,10.6,3245,4.35,16.1,1529.70767,2.050609665,7.589612785,4.99688792,34397,46.11,170.66,14115.75,52244.5,70.035,4.5,0.653212514,20.25,2.121320344,0.222222222,1.504077397,91.125,1.650963624,0.049382716,-2.169925001,0.460845421,0.212378502,0.678855965,-0.326606257
20.2,0.476731295,10.3,3106,4.33,15.6,1480.727401,2.064246506,7.437008196,4.910332335,31991.8,44.599,160.68,13448.98,48453.6,67.548,4.4,0.643452676,19.36,2.097617696,0.227272727,1.481604541,85.184,1.638642541,0.051652893,-2.137503524,0.467835486,0.218870042,0.683985004,-0.321726338
20.9,0.456435465,9.9,3002.03,4.6,16.1,1370.232958,2.099603137,7.34861098,4.518711099,29720.097,45.54,159.39,13809.338,48332.683,74.06,4.8,0.681241237,23.04,2.19089023,0.208333333,1.568615918,110.592,1.686865331,0.043402778,-2.263034406,0.441884576,0.195261979,0.664743993,-0.340620619
19.2,0.487950036,9.5,2816,5.23,16.5,1374.067303,2.551978691,8.051175602,4.635525347,26752,49.685,156.75,14727.68,46464,86.295,4.2,0.62324929,17.64,2.049390153,0.238095238,1.435084525,74.088,1.613428646,0.056689342,-2.070389328,0.483000944,0.233289912,0.694982693,-0.311624645
16.9,0.324442842,11.5,3611,4.6,13.6,1171.563103,1.492437074,4.412422655,3.731092686,41526.5,52.9,156.4,16610.6,49109.6,62.56,9.5,0.977723605,90.25,3.082207001,0.105263158,2.251291799,857.375,2.117911792,0.011080332,-3.247927513,0.307888645,0.094795417,0.554877144,-0.488861803
18.5,0.337099931,11.2,3538.63,5.37,13.9,1192.87193,1.810226631,4.685689044,3.77551923,39632.656,60.144,155.68,19002.4431,49186.957,74.643,8.8,0.944482672,77.44,2.966479395,0.113636364,2.174751721,681.472,2.064560231,0.012913223,-3.137503524,0.318724742,0.101585461,0.56455712,-0.472241336
17.7,0.355784033,10.8,3743,4.83,14.7,1331.699637,1.718436882,5.230025292,3.842467562,40424.4,52.164,158.76,18078.69,55022.1,71.001,7.9,0.897627091,62.41,2.810693865,0.126582278,2.066862759,493.039,1.991631701,0.016023073,-2.981852653,0.335361977,0.112467655,0.579104461,-0.448813546
19.7,0.383482494,10.3,3525,4.74,15.2,1351.775793,1.817707024,5.828933915,3.949869693,36307.5,48.822,156.56,16708.5,53580,72.048,6.8,0.832508913,46.24,2.607680962,0.147058824,1.916922612,314.432,1.894536474,0.021626298,-2.765534746,0.361593721,0.130750019,0.601326634,-0.416254456
18.8,0.456435465,9.7,3536.1,5.19,14.7,1614.001446,2.368900061,6.709601329,4.427424007,34300.17,50.343,142.59,18352.359,51980.67,76.293,4.8,0.681241237,23.04,2.19089023,0.208333333,1.568615918,110.592,1.686865331,0.043402778,-2.263034406,0.441884576,0.195261979,0.664743993,-0.340620619
19.9,0.493864798,9.2,3334,5.27,14,1646.545238,2.602667487,6.914107177,4.543556145,30672.8,48.484,128.8,17570.18,46676,73.78,4.1,0.612783857,16.81,2.024845673,0.243902439,1.410986974,68.921,1.600520664,0.0594884,-2.03562391,0.491249879,0.241326444,0.700892202,-0.306391928
12.9,0.358057437,9.9,3541.32,4.44,13.4,1267.995963,1.58977502,4.797969656,3.544768626,35059.068,43.956,132.66,15723.4608,47453.688,59.496,7.8,0.892094603,60.84,2.792848009,0.128205128,2.054123734,474.552,1.983192483,0.016436555,-2.963474124,0.337441786,0.113866959,0.580897397,-0.446047301
14,0.367607311,9.5,3473,4.05,13.4,1276.700191,1.48880961,4.925937968,3.492269455,32993.5,38.475,127.3,14065.65,46538.2,54.27,7.4,0.86923172,54.76,2.720294102,0.135135135,2.00148,405.224,1.94869516,0.018261505,-2.887525271,0.346317315,0.119935683,0.588487311,-0.43461586
14.2,0.411693485,9.1,3340,4,13.8,1375.056239,1.646773939,5.68137009,3.746410712,30394,36.4,125.58,13360,46092,55.2,5.9,0.770852012,34.81,2.42899156,0.169491525,1.774952351,205.379,1.806968869,0.028727377,-2.560714954,0.390515937,0.152502697,0.624912744,-0.385426006
14.8,0.434372243,8.7,3147,4.01,13.9,1366.969448,1.741832693,6.037774174,3.779038512,27378.9,34.887,120.93,12619.47,43743.3,55.739,5.3,0.72427587,28.09,2.302172887,0.188679245,1.667706821,148.877,1.743513401,0.035599858,-2.40599236,0.415628918,0.172747397,0.644692886,-0.362137935
15.9,0.451753951,8,2968,4.49,14.1,1340.805728,2.028375242,6.369730715,3.614031612,23744,35.92,112.8,13326.32,41848.8,63.309,4.9,0.69019608,24.01,2.213594362,0.204081633,1.589235205,117.649,1.698499252,0.041649313,-2.292781749,0.436151413,0.190228055,0.660417605,-0.34509804
10.5,0.360374985,8.2,2885,4.77,14,1039.681832,1.718988679,5.045249791,2.955074878,23657,39.114,114.8,13761.45,40390,66.78,7.7,0.886490725,59.29,2.774887385,0.12987013,2.041220329,456.533,1.974680822,0.016866251,-2.944858446,0.339574896,0.11531111,0.582730552,-0.443245363
11.9,0.40824829,7.9,2572,4.51,13.4,1050.014603,1.84119979,5.470527092,3.225161495,20318.8,35.629,105.86,11599.72,34464.8,60.434,6,0.77815125,36,2.449489743,0.166666667,1.791759469,216,1.817120593,0.027777778,-2.584962501,0.386852807,0.149655094,0.621974925,-0.389075625
11.9,0.43852901,7.5,2602.55,4.24,13.8,1141.293674,1.859363001,6.051700333,3.288967572,19519.125,31.8,103.5,11034.812,35915.19,58.512,5.2,0.716003344,27.04,2.28035085,0.192307692,1.648658626,140.608,1.732478211,0.036982249,-2.378511623,0.420430991,0.176762219,0.648406502,-0.358001672
19.2,0.476731295,7.1,2408,4.93,13.5,1147.968957,2.350285282,6.435872477,3.384792192,17096.8,35.003,95.85,11871.44,32508,66.555,4.4,0.643452676,19.36,2.097617696,0.227272727,1.481604541,85.184,1.638642541,0.051652893,-2.137503524,0.467835486,0.218870042,0.683985004,-0.321726338
14.1,0.311588476,11.5,4036,4.5,13.8,1257.571091,1.402148144,4.299920975,3.583267479,46414,51.75,158.7,18162,55696.8,62.1,10.3,1.012837225,106.09,3.209361307,0.097087379,2.332143895,1092.727,2.175767114,0.009425959,-3.364572432,0.297214585,0.08833651,0.545173904,-0.506418612
14.2,0.329690237,11.3,4118.54,4.36,14,1357.842427,1.437449432,4.615663314,3.725499675,46539.502,49.268,158.2,17956.8344,57659.56,61.04,9.2,0.963787827,84.64,3.033150178,0.108695652,2.219203484,778.688,2.095379106,0.011814745,-3.201633861,0.312340525,0.097556603,0.558874337,-0.481893914
15.6,0.39223227,10.7,3758,4.31,14.8,1474.008872,1.690521085,5.8050376,4.196885292,40210.6,46.117,158.36,16196.98,55618.4,63.788,6.5,0.812913357,42.25,2.549509757,0.153846154,1.871802177,274.625,1.866255578,0.023668639,-2.700439718,0.370310062,0.137129542,0.608531069,-0.406456678
15.1,0.40824829,10.3,3699,4.08,14.8,1510.110426,1.665653025,6.042074699,4.204957392,38099.7,42.024,152.44,15091.92,54745.2,60.384,6,0.77815125,36,2.449489743,0.166666667,1.791759469,216,1.817120593,0.027777778,-2.584962501,0.386852807,0.149655094,0.621974925,-0.389075625
16.4,0.447213595,10.1,3301.32,3.98,15.2,1476.395187,1.77991011,6.797646652,4.516857315,33343.332,40.198,153.52,13139.2536,50180.064,60.49,,,,,,,,,,,,,,